6406,Dursun,Koşan,50,Erkek,Satış
9748,Ceyhan,Alsancak,48,Erkek,Satış
7373,Fuat,Yiğit,45,Erkek,Güvenlik
9053,Kenan,Akarsu,35,Erkek,Satış
2316,Derya,Coşan,27,Kadın,Teknik
6955,Gorkem,Akarsu,47,Erkek,Üretim
8541,Ceyhan,Coşan,300,Erkek,
5210,Ceyhan,Akarsu,49,Erkek,İk
2715,Gorkem,Dere,33,Erkek,Üretim
9971,Engin,Yavuz,49,Erkek,Teknik
9213,Kenan,Midilli,46,None,Satış
5751,Pelin,Sancak,40,Kadın,Teknik
1030,Fuat,Korkmaz,25,Erkek,Muhasebe
2746,Lemi,Midilli,42,Erkek,Teknik
5949,Hayrettin,Akarsu,43,Erkek,Depo
7373,Fuat,Yiğit,45,Erkek,Güvenlik

